Instance,Non-collaborative cost
C101_20,600.7919803930333
R101_50,1091.6899315633664
C101_50,1138.3486499617295
R101,1545.3224380972426
RC101,2127.3843076260937
RC101_20,767.7844994156574
R101_20,606.3848151357208
C101,2082.5503580631057
RC101_50,1522.462405484148
