Instance,Non-collaborative cost
R101_2D,1290.296878894327
RC101_20_2D,492.6773240961865
C101_2D,1344.0928840017268
RC101_50_2D,1092.2602398841905
C101_20_2D,468.49572228922403
C101_50_2D,940.1450941354868
RC101_2D,1604.4908527283712
R101_50_2D,820.8918756088135
R101_20_2D,438.35178750985494
